[
  {
    "userId": 1,
    "id": 8,
    "title": "dolorem dolore est ipsam",
    "body": "dignissimos aperiam dolorem qui eum\nfacilis quibusdam animi sint suscipit qui sint possimus cum\nquaerat magni maiores excepturi\nipsam ut commodi dolor voluptatum modi aut vitae"
  },
  {
    "userId": 1,
    "id": 9,
    "title": "nesciunt iure omnis dolorem tempora et accusantium",
    "body": "consectetur animi nesciunt iure dolore\nenim quia ad\nveniam autem ut quam aut nobis\net est aut quod aut provident voluptas autem voluptas"
  }
]
