{
  "groceries": [
    {
      "id": "1",
      "name": "Apple",
      "price": 200
    },
    {
      "id": "2",
      "name": "Broccoli",
      "price": 450
    },
    {
      "id": "3",
      "name": "Aashirvad Aata",
      "price": 490
    },
    {
      "id": "4",
      "name": "Bread",
      "price": 59
    },
    {
      "id": "5",
      "name": "Eggs",
      "price": 159
    },
    {
      "id": "6",
      "name": "Olive oil",
      "price": 499
    },
    {
      "id": "7",
      "name": "Mustard oil",
      "price": 259
    },
    {
      "id": "8",
      "name": "Honey",
      "price": 199
    },
    {
      "id": "9",
      "name": "Pasta",
      "price": 99
    },
    {
      "id": "10",
      "name": "Maggie",
      "price": 20
    },
    {
      "id": "11",
      "name": "Powder",
      "price": 199
    },
    {
      "id": "12",
      "name": "Mosturiser",
      "price": 99
    },
    {
      "id": "13",
      "name": "Masala",
      "price": 20
    },
    {
      "id": "14",
      "name": "Biscuits",
      "price": 20
    },
    {
      "id": "15",
      "name": "Seeds",
      "price": 20
    }
  ]
}